Brand, Price
Apple iPhone 7 128GB LTE (Red)
Apple iPhone 8 64gb (Gold)
Apple iPhone 8 Plus 64GB MQ8L2MY/A - Space Grey
Apple iPhone 7 Plus 128GB LTE (Red)
Apple iPhone 6 32GB MQ3E2MY/A - gold
Apple iPhone 7 Plus 32GB (Original Imported Set) - Apple Malaysia Warranty
Apple iPhone 8 Plus 64gb (Gold)
Apple Iphone 5S 64GB ROSE GOLD
Apple iPhone 7 128GB (Gold)
Apple iPhone 6 Plus 64GB Original Import Set (Rose Gold)
Apple iPhone 8 Plus 256GB LTE (Space Gray)
Apple iphone 6 GOLD (32GB) ORIGINAL Apple MALAYSIA WARRANTY
Apple iPhone 8 Plus 64GB MQ8N2MY/A - Gold
Apple Iphone 6s Plus 16GB (MKU12MY/A) - Space Gray
(IMPORT) Apple iPhone 6s 16GB ORIGINAL SET
Apple iPhone 5 16GB Original Import Set (Rose Gold)
Apple iPhone 6s Plus 16GB (Gold) + Free Gift Worth RM59
Apple iPhone 7 128GB Original Import Set (Jet Black)
(Refurbished) Apple Iphone 6 16gb - Grey [Grade A]
Apple iPhone 7 Plus RED 128GB
(Refurbished) Apple iphone 5 32gb (Black) (Grade A)
Apple iPhone SE 64GB Original Import Set (Rose Gold)
Apple iPhone 8 Plus 256gb (Space Grey)
Apple Iphone 8 64 original SET LATEST MODEL (my set) 1year warranty BY APPLE
Apple Iphone 5S 16GB ROSE GOLD
Apple iPhone 8 Plus 256gb (Gold)
(Refurbished) Apple iphone 5c 16gb (White) (Grade A)
(IMPORTED) Apple iPhone 5s 32GB New Sealed Box (SILVER)
Apple iPhone 7 Plus 256GB (Original Imported Set) - Apple Malaysia Warranty
Apple iPhone 8 256GB LTE (Gold)
Apple iPhone 4S 16GB Black
(IMPORTED) Apple iPhone 6 64GB USA New Sealed Box (SPACE GREY)
Apple Iphone 5 16GB BLACK
Apple iPhone 5S 32GB (Space Grey)
Apple iPhone 7 Plus 128GB (Original Imported Set) - Apple Malaysia Warranty
(Refurbished) Apple iPhone 4s 16gb (Black) (Grade A)
RM 3,099.00,
RM 3,508.00,
RM 4,149.00,
RM 3,599.00,
RM 1,329.00,
RM 2,898.00,
RM 4,008.00,
RM 780.00,
RM 2,999.00,
RM 1,850.00,
RM 4,599.00,
RM 1,329.00,
RM 4,149.00,
RM 1,999.00,
RM 1,590.00,
RM 600.00,
RM 1,899.00,
RM 3,000.00,
RM 1,018.00,
RM 3,819.00,
RM 485.00,
RM 1,400.00,
RM 4,799.00,
RM 3,688.00,
RM 630.00,
RM 4,799.00,
RM 415.00,
RM 850.00,
RM 3,799.00,
RM 4,099.00,
RM 505.00,
RM 1,449.00,
RM 450.00,
RM 838.00,
RM 3,399.00,
RM 278.00,
